Ticker,Company,Sector,Weight (%),DailyChangePct,PE,DividendYield,Beta
NVDA,NVIDIA CORP,Technology,7.998645279381999,2.817210940674836,53.500004,0.02,2.123
MSFT,MICROSOFT CORP,Technology,6.797631505298421,0.6047433046746258,37.686947,0.71,1.023
AAPL,APPLE INC,Technology,6.514579406570761,0.9744360696440808,37.524242,0.42,1.094
AMZN,AMAZON.COM INC,Consumer Cyclical,3.7583272504175045,1.7100394188331414,33.547256,,1.281
META,META PLATFORMS INC CLASS A,Communication Services,2.737796920707905,1.4745533239843591,25.949965,0.3,1.203
AVGO,BROADCOM INC,Technology,2.7326287365642172,9.878941207481926,91.46154,0.73,1.208
GOOGL,ALPHABET INC CL A,Communication Services,2.4628587015063523,3.2041198535692934,26.056562,0.36,1.0
TSLA,TESLA INC,Consumer Cyclical,2.076724222342404,5.419720958518707,256.41174,,2.086
GOOG,ALPHABET INC CL C,Communication Services,1.9848370804015034,3.0106504404835603,26.081022,0.35,1.0
BRK.B,BERKSHIRE HATHAWAY INC CL B,Financial Services,1.605342136782891,,,,
JPM,JPMORGAN CHASE + CO,Financial Services,1.4806493449802915,2.3627819648008774,15.794841,1.99,1.127
LLY,ELI LILLY + CO,Healthcare,1.1860399056834823,-1.725276254219788,53.397,0.72,0.461
V,VISA INC CLASS A SHARES,Financial Services,1.0448300721802102,-0.12803795990719247,33.5166,0.69,0.897
NFLX,NETFLIX INC,Communication Services,0.9279189836211755,-0.08605393053153634,52.028595,,1.593
ORCL,ORACLE CORP,Technology,0.8689721576024636,5.144049618983401,71.46868,0.68,1.531
XOM,EXXON MOBIL CORP,Energy,0.8447591999263905,1.345613491012535,15.940341,3.58,0.484
MA,MASTERCARD INC   A,Financial Services,0.8235827125327697,0.29597913321929475,37.70263,0.55,0.967
JNJ,JOHNSON + JOHNSON,Healthcare,0.8221103636047474,0.07340571977368476,20.412834,2.73,0.392
WMT,WALMART INC,Consumer Defensive,0.7999722607865918,0.260218998991038,38.53019,0.92,0.671
COST,COSTCO WHOLESALE CORP,Consumer Defensive,0.7380488160678674,0.5967664578543,51.319805,0.56,0.964
ABBV,ABBVIE INC,Healthcare,0.7288167094765086,-0.09110920341309653,109.6619,2.85,0.507
PLTR,PALANTIR TECHNOLOGIES INC A,Technology,0.71404434140396,1.008894350108144,590.7,,2.595
HD,HOME DEPOT INC,Consumer Cyclical,0.6691287213619156,1.0059876990810048,25.835943,2.45,1.001
PG,PROCTER + GAMBLE CO/THE,Consumer Defensive,0.6273962079793012,-1.4830657923010648,22.652842,2.82,0.364
AMD,ADVANCED MICRO DEVICES,Technology,0.6240624748373972,0.7073077317969174,128.82143,,1.894
BAC,BANK OF AMERICA CORP,Financial Services,0.5933885388369338,0.3699903381915246,14.319649,2.3,1.334
UNH,UNITEDHEALTH GROUP INC,Healthcare,0.5744864115760301,1.1500693510886812,15.516096,2.49,0.478
GE,GENERAL ELECTRIC,Industrials,0.5531722655427975,2.0789727817827153,42.50714,0.49,1.493
CVX,CHEVRON CORP,Energy,0.5128921505607255,2.0416445060671364,19.554697,4.59,0.813
CSCO,CISCO SYSTEMS INC,Technology,0.481403235512705,-0.7065106559976427,26.454903,2.41,0.966
KO,COCA COLA CO/THE,Consumer Defensive,0.4646707281152489,-0.37291168941809594,23.684399,3.04,0.424
IBM,INTL BUSINESS MACHINES CORP,Technology,0.4631634657641367,-0.20092038253852373,44.719646,2.42,0.724
PM,PHILIP MORRIS INTERNATIONAL,Consumer Defensive,0.4470025409789819,-0.6262883250248512,23.589497,3.66,0.479
WFC,WELLS FARGO + CO,Financial Services,0.44491471827820245,1.6490578897244879,13.556701,2.32,1.24
GS,GOLDMAN SACHS GROUP INC,Financial Services,0.414187913379917,2.9711160196606734,17.336344,2.09,1.415
CRM,SALESFORCE INC,Technology,0.4135115904983458,2.93777156516238,36.107403,0.69,1.195
ABT,ABBOTT LABORATORIES,Healthcare,0.4129370153069225,-0.8825626937418365,16.486826,1.78,0.696
CAT,CATERPILLAR INC,Industrials,0.4119045755098337,2.773254699477319,25.695929,1.23,1.465
MRK,MERCK + CO. INC.,Healthcare,0.38438382037758045,-0.4012108725129828,13.196456,3.77,0.373
LIN,LINDE PLC,Basic Materials,0.38075082932347676,0.6213933450942096,32.454872,1.32,0.94
MCD,MCDONALD S CORP,Consumer Cyclical,0.37928147297457654,1.0302674852636917,25.71294,2.38,0.504
RTX,RTX CORP,Industrials,0.37766747530144645,0.7228911932208789,34.833332,1.72,0.648
PEP,PEPSICO INC,Consumer Defensive,0.36777400872412624,-0.7929120648238249,28.36,3.79,0.458
MU,MICRON TECHNOLOGY INC,Technology,0.36370509864458506,6.15087984224967,25.397892,0.25,1.567
TMO,THERMO FISHER SCIENTIFIC INC,Healthcare,0.3547293563313438,-0.07240946868360261,30.365952,0.33,0.775
DIS,WALT DISNEY CO/THE,Communication Services,0.3513347740806258,1.0074168417675209,17.286833,0.92,1.542
UBER,UBER TECHNOLOGIES INC,Technology,0.34854668786529913,0.7173427815840796,16.025555,,1.479
T,AT+T INC,Communication Services,0.33102613463238395,-1.1403172273831554,14.614286,4.29,0.624
NOW,SERVICENOW INC,Technology,0.33076977035426625,3.9444804052023863,116.784454,,0.923
MS,MORGAN STANLEY,Financial Services,0.3296216174977936,2.1467104528733416,17.587301,2.63,1.324
INTU,INTUIT INC,Technology,0.32038651832731263,2.164261693697827,47.964886,0.67,1.253
C,CITIGROUP INC,Financial Services,0.3094137282133257,2.2782916881674047,14.190547,2.56,1.357
AXP,AMERICAN EXPRESS CO,Financial Services,0.3072391207180083,2.1785821533254954,22.709066,1.0,1.294
NEE,NEXTERA ENERGY INC,Utilities,0.3071633087135844,1.127777394858749,29.369339,2.72,0.652
AMAT,APPLIED MATERIALS INC,Technology,0.3014953638565231,4.5391754788385414,26.19093,0.88,1.814
VZ,VERIZON COMMUNICATIONS INC,Communication Services,0.3006893625463321,-0.2885768335580032,9.240698,6.93,0.366
BKNG,BOOKING HOLDINGS INC,Consumer Cyclical,0.2995591651645914,1.7216093702864033,36.58925,0.74,1.351
LRCX,LAM RESEARCH CORP,Technology,0.29754316436273986,4.902186709881126,33.207226,0.79,1.841
QCOM,QUALCOMM INC,Technology,0.29643092245573116,5.332380126755545,15.600772,2.32,1.227
GEV,GE VERNOVA INC,Industrials,0.29467028840562326,7.223432427965724,157.72018,0.17,
BLK,BLACKROCK INC,Financial Services,0.29174055344518873,2.13448410911557,27.98282,1.84,1.462
BA,BOEING CO/THE,Industrials,0.2852227161174805,2.2872905717944034,,,1.47
INTC,INTEL CORP,Technology,0.28487258436020696,2.337097370858544,,,1.33
ANET,ARISTA NETWORKS INC,Technology,0.2842900289577916,-4.334852478904551,58.03937,,1.475
SCHW,SCHWAB (CHARLES) CORP,Financial Services,0.2807917039641778,1.6528972244385205,25.129032,1.17,0.966
TJX,TJX COMPANIES INC,Consumer Cyclical,0.2801682499804285,0.6981020754039373,32.20046,1.21,0.921
AMGN,AMGEN INC,Healthcare,0.2795248454691993,0.7841291345937406,23.889297,3.28,0.48
TXN,TEXAS INSTRUMENTS INC,Technology,0.2792465356108536,1.9860242997775346,31.95438,3.31,1.002
APP,APPLOVIN CORP CLASS A,Communication Services,0.27629286001744313,3.5480479010671218,80.947876,,2.527
ISRG,INTUITIVE SURGICAL INC,Healthcare,0.27554072513144806,1.4292731908980767,60.77127,,1.611
SPGI,S+P GLOBAL INC,Financial Services,0.27182294433555443,-1.4276902600837178,36.7736,0.79,1.189
ACN,ACCENTURE PLC CL A,Technology,0.2685001839837644,1.0127012603478454,20.047775,2.71,1.278
APH,AMPHENOL CORP CL A,Technology,0.2659704570993034,1.766640575014378,49.34263,0.54,1.18
GILD,GILEAD SCIENCES INC,Healthcare,0.26023368292243626,0.8789885446444913,23.454365,2.7,0.354
ETN,EATON CORP PLC,Industrials,0.25707152431686003,1.721851960966141,37.808155,1.13,1.172
ADBE,ADOBE INC,Technology,0.256262530427547,0.5362796676313853,21.16781,,1.49
BSX,BOSTON SCIENTIFIC CORP,Healthcare,0.25291183933728495,-0.48213677414402206,56.517857,,0.614
PFE,PFIZER INC,Healthcare,0.2521357638183139,-0.30266650872157846,13.071428,6.94,0.465
PGR,PROGRESSIVE CORP,Financial Services,0.25165395857967243,-1.5666643778483074,13.301802,2.04,0.318
PANW,PALO ALTO NETWORKS INC,Technology,0.2491731104875374,2.2680391552740353,132.47205,,0.974
UNP,UNION PACIFIC CORP,Industrials,0.2392397428552572,0.16412081658244948,19.60243,2.45,1.068
LOW,LOWE S COS INC,Consumer Cyclical,0.23300021538589466,0.977523150688262,19.23626,2.07,0.88
KLAC,KLA CORP,Technology,0.2320994490701737,4.299160518951921,33.750412,0.77,1.497
COF,CAPITAL ONE FINANCIAL CORP,Financial Services,0.23162961414802027,2.5161741727915206,576.625,1.19,1.182
DHR,DANAHER CORP,Healthcare,0.23084555841805723,1.3197653767189594,43.46017,0.63,0.802
HON,HONEYWELL INTERNATIONAL INC,Industrials,0.22819513084234236,0.9954705905852262,23.057955,2.28,1.049
SYK,STRYKER CORP,Healthcare,0.22448433273106677,0.0630774725452706,48.32185,0.92,0.951
CRWD,CROWDSTRIKE HOLDINGS INC   A,Technology,0.2202628011163038,3.0283963818316124,,,1.188
MDT,MEDTRONIC PLC,Healthcare,0.2187615239234356,0.12572315392226027,26.400553,2.98,0.792
ADP,AUTOMATIC DATA PROCESSING,Technology,0.20672936080026194,-0.29453919516803767,28.491985,2.16,0.825
CEG,CONSTELLATION ENERGY,Utilities,0.20602510718021877,3.370515823193658,39.76096,0.42,1.12
BX,BLACKSTONE INC,Financial Services,0.20276020335812064,2.8581575675087527,42.632072,2.77,1.765
DE,DEERE + CO,Industrials,0.20124695584876445,-1.660132981020029,22.92115,1.45,1.031
ADI,ANALOG DEVICES INC,Technology,0.20015167189011374,4.14964962755066,59.864796,1.76,1.089
MO,ALTRIA GROUP INC,Consumer Defensive,0.2000289761461119,-2.4195981187247972,12.558994,6.37,0.572
WELL,WELLTOWER INC,Real Estate,0.1985237088477477,0.5303150957366242,93.19553,1.78,0.911
TMUS,T MOBILE US INC,Communication Services,0.1982054979344421,-1.630314190740938,21.252125,1.78,0.583
COP,CONOCOPHILLIPS,Energy,0.19595108832920474,1.266545661891766,11.896783,3.56,0.635
CMCSA,COMCAST CORP CLASS A,Communication Services,0.19421539243844682,-0.16971907201076508,4.87728,4.48,0.941
SO,SOUTHERN CO/THE,Utilities,0.19342335649749176,-0.20348415482120832,25.346252,3.01,0.413
HOOD,ROBINHOOD MARKETS INC   A,Financial Services,0.19236298596193105,1.2377561016211585,71.41116,,2.43
CB,CHUBB LTD,Financial Services,0.18764967384478665,-0.15829759775847152,12.480655,1.37,0.546
VRTX,VERTEX PHARMACEUTICALS INC,Healthcare,0.18704118275664736,-0.10299747883305646,28.953093,,0.431
LMT,LOCKHEED MARTIN CORP,Industrials,0.18561372251545505,-0.2375966178510283,28.258553,2.73,0.274
PLD,PROLOGIS INC,Real Estate,0.1846600873019122,1.2766323169015674,30.282259,3.63,1.291
MMC,MARSH + MCLENNAN COS,Financial Services,0.18208347667787325,-0.8066844432808593,24.681492,1.74,0.811
DUK,DUKE ENERGY CORP,Utilities,0.17679259679018355,-0.7321684221021799,20.63666,3.35,0.424
CVS,CVS HEALTH CORP,Healthcare,0.17672875510224761,0.6931975673298951,21.849583,3.41,0.609
DASH,DOORDASH INC   A,Consumer Cyclical,0.17610629864487237,2.8193370083984717,151.11603,,1.706
CME,CME GROUP INC,Financial Services,0.1749820864213757,-0.0626315785923443,26.235977,1.84,0.427
MCK,MCKESSON CORP,Healthcare,0.17030169267457326,0.7340765625715677,30.803165,0.43,0.513
NEM,NEWMONT CORP,Basic Materials,0.1673490146075368,5.015274022870262,16.197464,1.17,0.356
TT,TRANE TECHNOLOGIES PLC,Industrials,0.16479235451097782,1.1517817271825588,33.06314,0.91,1.119
PH,PARKER HANNIFIN CORP,Industrials,0.16389857087987492,1.7204835698780003,26.90993,1.0,1.347
ICE,INTERCONTINENTAL EXCHANGE IN,Financial Services,0.16122919030305408,0.7809496682787699,30.46641,1.22,1.085
BMY,BRISTOL MYERS SQUIBB CO,Healthcare,0.1600311611278815,-0.9554098673620361,17.485945,5.64,0.344
SBUX,STARBUCKS CORP,Consumer Cyclical,0.15950446720241013,2.0010192622280107,34.645023,3.16,0.998
CDNS,CADENCE DESIGN SYS INC,Technology,0.15941668488149824,1.5993917389382644,89.79189,,0.988
AMT,AMERICAN TOWER CORP,Real Estate,0.15631637291110995,-1.9070054093995061,34.164177,3.64,0.866
ORLY,O REILLY AUTOMOTIVE INC,Consumer Cyclical,0.1550155985194155,0.7146311469747005,36.87455,,0.598
GD,GENERAL DYNAMICS CORP,Industrials,0.15031525424513306,0.42350082650627724,22.469759,1.8,0.484
NOC,NORTHROP GRUMMAN CORP,Industrials,0.15007684544174735,-0.7169274203495555,22.825222,1.48,0.098
SNPS,SYNOPSYS INC,Technology,0.14532662484876502,2.06871099391338,60.377357,,1.097
WM,WASTE MANAGEMENT INC,Industrials,0.14531265947952904,-0.9897369071586374,32.255573,1.51,0.642
KKR,KKR + CO INC,Financial Services,0.1445714973836479,2.2322163132152033,56.81604,0.63,1.913
COIN,COINBASE GLOBAL INC  CLASS A,Financial Services,0.144486707641858,-0.0056075546069822265,34.358997,,3.684
CI,THE CIGNA GROUP,Healthcare,0.14355302295579514,-1.7590557482347084,16.188494,2.01,0.462
ELV,ELEVANCE HEALTH INC,Healthcare,0.1423978874147045,-0.537876217022803,14.912564,1.94,0.59
MDLZ,MONDELEZ INTERNATIONAL INC A,Consumer Defensive,0.14219838213990474,-0.4556592197196691,22.406593,3.25,0.457
MMM,3M CO,Industrials,0.14173952000786527,1.57310678177521,20.984722,1.96,1.108
EQIX,EQUINIX INC,Real Estate,0.14023924034137106,0.7107172888984777,79.28122,2.34,0.907
AON,AON PLC CLASS A,Financial Services,0.13893248079143264,-1.9075372021697437,29.737373,0.83,0.887
NKE,NIKE INC  CL B,Consumer Cyclical,0.138612274825379,3.288863236613232,34.54615,2.45,1.298
AJG,ARTHUR J GALLAGHER + CO,Financial Services,0.13841975223519723,-1.2262152214491633,45.08926,0.86,0.73
SHW,SHERWIN WILLIAMS CO/THE,Basic Materials,0.1381992989065435,-0.22384998126636443,32.942955,0.95,1.203
RCL,ROYAL CARIBBEAN CRUISES LTD,Consumer Cyclical,0.13759080781840421,0.5580763686826448,22.757801,1.31,2.088
WMB,WILLIAMS COS INC,Energy,0.13673692524226125,0.10381508716714163,31.65404,3.19,0.665
MSI,MOTOROLA SOLUTIONS INC,Technology,0.136094518257406,-0.043826801403260215,36.75262,0.96,0.969
MCO,MOODY S CORP,Financial Services,0.13368648959057286,-2.2175202920458434,40.252125,0.78,1.412
HWM,HOWMET AEROSPACE INC,Industrials,0.13280866638145392,3.203599777927381,55.5519,0.24,1.454
BK,BANK OF NEW YORK MELLON CORP,Financial Services,0.1319687491745469,1.6644326081224368,16.250765,2.03,1.127
PNC,PNC FINANCIAL SERVICES GROUP,Financial Services,0.1296175795110317,1.630877983022803,12.787277,3.7,1.109
TDG,TRANSDIGM GROUP INC,Industrials,0.1290410092668604,1.1792008133499736,42.873344,,1.002
EMR,EMERSON ELECTRIC CO,Industrials,0.12688734982539698,1.7141464932122246,32.948586,1.67,1.279
USB,US BANCORP,Financial Services,0.12606838067234394,1.9037092203122525,11.038756,4.59,1.076
ECL,ECOLAB INC,Basic Materials,0.1244194695761239,-0.7313989755165068,36.108288,0.96,1.096
JCI,JOHNSON CONTROLS INTERNATION,Industrials,0.12354862905162295,0.7816171713776641,35.458332,1.52,1.344
AZO,AUTOZONE INC,Consumer Cyclical,0.12202341122577876,0.6112456694545505,28.341883,,0.398
HCA,HCA HEALTHCARE INC,Healthcare,0.12159247983221126,-1.1273360861931525,17.224506,0.69,1.407
PYPL,PAYPAL HOLDINGS INC,Financial Services,0.11936400591269791,-1.4032012871217474,14.745182,,1.446
FI,FISERV INC,Technology,0.11921836706209409,-0.0815448718590806,20.489965,,0.95
CSX,CSX CORP,Industrials,0.1183824399606831,0.22541001007041336,21.822086,1.46,1.286
ITW,ILLINOIS TOOL WORKS,Industrials,0.11624474094120363,-0.20413996445991,21.46005,2.63,1.113
ADSK,AUTODESK INC,Technology,0.11620783246536567,1.472817535651771,64.160416,,1.491
NSC,NORFOLK SOUTHERN CORP,Industrials,0.11572702475309825,0.4202953274462003,19.539946,1.87,1.32
GLW,CORNING INC,Technology,0.11569909401462629,3.048925857973558,90.96809,1.35,1.131
CTAS,CINTAS CORP,Industrials,0.1151823753528949,-0.010642834510742567,41.857464,0.96,1.002
TEL,TE CONNECTIVITY PLC,Technology,0.11335590456210307,2.2603302787785005,45.241238,1.32,1.254
CL,COLGATE PALMOLIVE CO,Consumer Defensive,0.11269753715526384,-1.2634692430977026,21.62219,2.67,0.335
VST,VISTRA CORP,Utilities,0.1121459050704425,6.423348691077887,33.682476,0.46,1.34
ZTS,ZOETIS INC,Healthcare,0.11188954079232481,0.8362218628568896,24.490532,1.42,0.902
AEP,AMERICAN ELECTRIC POWER,Utilities,0.11188255810770682,-0.20505627297691814,17.1261,3.18,0.464
PWR,QUANTA SERVICES INC,Industrials,0.11127207196681954,3.214726367053964,67.034996,0.1,1.038
COR,CENCORA INC,Healthcare,0.11026756290820275,-0.3176131338443396,32.578625,0.69,0.629
URI,UNITED RENTALS INC,Industrials,0.10941866796392975,2.631495766349902,25.279493,0.75,1.727
UPS,UNITED PARCEL SERVICE CL B,Industrials,0.10931991285290386,0.3499467912583179,12.375001,7.92,1.078
HLT,HILTON WORLDWIDE HOLDINGS IN,Consumer Cyclical,0.10912040757810411,1.4680374432682652,40.57627,0.23,1.189
TRV,TRAVELERS COS INC/THE,Financial Services,0.1087144143438866,0.10365718360664183,11.95931,1.63,0.519
EOG,EOG RESOURCES INC,Energy,0.10552632005258639,1.5267896090851285,10.642095,3.78,0.76
SRE,SEMPRA,Utilities,0.10525299782611071,1.0753894163208486,22.07506,2.86,0.661
FCX,FREEPORT MCMORAN INC,Basic Materials,0.10495174486116307,4.598818992899419,32.393936,1.47,1.582
MAR,MARRIOTT INTERNATIONAL  CL A,Consumer Cyclical,0.10480111837868926,1.1760174538958232,29.679821,1.03,1.346
REGN,REGENERON PHARMACEUTICALS,Healthcare,0.10285294937026958,-1.222043524855641,14.052155,0.62,0.307
APD,AIR PRODUCTS + CHEMICALS INC,Basic Materials,0.10235618123601817,1.4314701204190836,37.039776,2.79,0.839
SPG,SIMON PROPERTY GROUP INC,Real Estate,0.10234321339315618,0.7016518574594108,27.28439,4.91,1.531
CMI,CUMMINS INC,Industrials,0.10174669262150489,-0.9804367010310802,19.194275,1.94,1.038
AXON,AXON ENTERPRISE INC,Industrials,0.09861545733352262,0.9914186325861375,174.0196,,1.415
MPC,MARATHON PETROLEUM CORP,Energy,0.09835410542353493,1.3820553974434169,26.694323,2.01,0.883
ROP,ROPER TECHNOLOGIES INC,Technology,0.09805484751133528,0.7328055930746562,35.981052,0.65,1.001
LHX,L3HARRIS TECHNOLOGIES INC,Industrials,0.09793614187282942,0.345491475089716,32.77654,1.64,0.762
TFC,TRUIST FINANCIAL CORP,Financial Services,0.0976129433276538,1.4890031504836263,11.636856,4.92,0.855
APO,APOLLO GLOBAL MANAGEMENT INC,Financial Services,0.09733862357480413,3.5442415819164115,22.837687,1.73,1.668
ALL,ALLSTATE CORP,Financial Services,0.09693961302520461,-0.014096221849010321,9.668124,1.94,0.377
FTNT,FORTINET INC,Technology,0.09675307559326683,1.3969123554018896,33.545815,,1.098
DLR,DIGITAL REALTY TRUST INC,Real Estate,0.09661840953277699,1.7805210411259174,45.0105,2.9,0.974
BDX,BECTON DICKINSON AND CO,Healthcare,0.09560492273679419,0.05360533063054722,34.124317,2.23,0.28
AFL,AFLAC INC,Financial Services,0.0955261181532483,-0.6327137169159669,24.830631,2.09,0.849
CMG,CHIPOTLE MEXICAN GRILL INC,Consumer Cyclical,0.09549020720378434,2.699650354540764,36.190266,,0.994
O,REALTY INCOME CORP,Real Estate,0.09528571429711458,0.7809849711006882,57.004856,5.5,0.787
KMI,KINDER MORGAN INC,Energy,0.09481887195408313,0.9040550864799599,22.413933,4.32,0.788
GM,GENERAL MOTORS CO,Consumer Cyclical,0.09421836107693585,0.4860000261894309,8.49145,1.08,1.336
FAST,FASTENAL CO,Industrials,0.09407671233182802,-7.536035474519022,41.09709,1.92,0.94
D,DOMINION ENERGY INC,Utilities,0.09303230221825126,0.6150565728915617,20.3804,4.38,0.609
NXPI,NXP SEMICONDUCTORS NV,Technology,0.09254351429499183,5.51687300990079,25.79762,1.97,1.447
DDOG,DATADOG INC   CLASS A,Technology,0.09177641651338676,3.439581243628754,443.78378,,1.214
PSX,PHILLIPS 66,Energy,0.09162279745179094,2.366671126576143,30.821852,3.79,1.094
ABNB,AIRBNB INC CLASS A,Consumer Cyclical,0.09079285550862393,0.5668822701628,28.849516,,1.109
WDAY,WORKDAY INC CLASS A,Technology,0.09010555983693876,1.466683907349478,110.04651,,1.104
MNST,MONSTER BEVERAGE CORP,Consumer Defensive,0.08877286460127633,-3.5478326964363536,41.708076,,0.541
IDXX,IDEXX LABORATORIES INC,Healthcare,0.0881204823526811,2.7866562086862388,52.732723,,1.578
VLO,VALERO ENERGY CORP,Energy,0.08776536296353754,2.1389631265897187,65.08064,2.86,1.026
PCAR,PACCAR INC,Industrials,0.08744415947110991,0.24731543756300406,15.991425,1.42,0.946
FDX,FEDEX CORP,Industrials,0.08721373087871619,2.2392372657076605,13.469795,2.58,1.288
ROST,ROSS STORES INC,Consumer Cyclical,0.08648354157294905,4.779633902711717,24.527735,1.1,1.183
XEL,XCEL ENERGY INC,Utilities,0.08562566889131007,-0.9514353640959544,22.204988,2.82,0.378
EXC,EXELON CORP,Utilities,0.08507303928011474,-0.46739159152218174,17.813686,3.4,0.486
SLB,SLB LTD,Energy,0.08461716972719728,1.7339254612708102,11.05137,3.59,0.975
PSA,PUBLIC STORAGE,Real Estate,0.08326651901680289,1.764478150163435,32.70906,4.08,0.876
DELL,DELL TECHNOLOGIES  C,Technology,0.08198469762621441,1.8662399029728745,22.391241,1.39,1.126
STX,SEAGATE TECHNOLOGY HOLDINGS,Technology,0.08185701425034256,2.3929422087790635,32.423927,1.34,1.649
RSG,REPUBLIC SERVICES INC,Industrials,0.08167845702939677,-0.901580541073019,33.056297,1.11,0.601
CARR,CARRIER GLOBAL CORP,Industrials,0.08129041926991123,0.37063022421142444,32.683907,1.59,1.254
AMP,AMERIPRISE FINANCIAL INC,Financial Services,0.08075973523894388,0.49225453250618934,15.023075,1.33,1.257
EA,ELECTRONIC ARTS INC,Communication Services,0.0805642200696401,0.13498100585184694,50.0725,0.38,0.767
AIG,AMERICAN INTERNATIONAL GROUP,Financial Services,0.08054925717403012,0.6272994928564283,15.291589,2.21,0.686
F,FORD MOTOR CO,Consumer Cyclical,0.07983602581662096,1.183174677363867,14.801283,5.26,1.542
MET,METLIFE INC,Financial Services,0.0797282929682291,1.3125294518838828,13.721053,2.85,0.849
BKR,BAKER HUGHES CO,Energy,0.07942404742415946,0.9991135741391988,14.866014,2.04,0.98
CBRE,CBRE GROUP INC   A,Real Estate,0.0788055810722802,1.649152578144723,42.9382,,1.363
TTWO,TAKE TWO INTERACTIVE SOFTWRE,Communication Services,0.07813624087532699,1.8692667509068253,,,1.017
OKE,ONEOK INC,Energy,0.0780524486599111,0.6875179167654988,13.560429,5.96,1.001
EW,EDWARDS LIFESCIENCES CORP,Healthcare,0.07764146779382358,-1.332161993275732,30.525105,,1.047
MPWR,MONOLITHIC POWER SYSTEMS INC,Technology,0.07749183883772376,8.53898326702476,25.657867,0.69,1.275
CCI,CROWN CASTLE INC,Real Estate,0.07606737117565346,-1.5064574637416122,,4.36,0.963
ETR,ENTERGY CORP,Utilities,0.07604043796355549,0.4881338730453081,23.7531,2.52,0.605
MSCI,MSCI INC,Financial Services,0.07572920973486785,0.28887778674108205,36.326492,1.32,1.332
WBD,WARNER BROS DISCOVERY INC,Communication Services,0.07570526910189189,3.9766098830773005,57.35484,,1.737
DHI,DR HORTON INC,Consumer Cyclical,0.07521947375775447,0.6565466878371709,12.264888,1.06,1.397
CTVA,CORTEVA INC,Basic Materials,0.07507283738077665,1.3423871773857003,28.875574,1.16,0.765
GWW,WW GRAINGER INC,Industrials,0.07461397524873718,-1.24530244241754,23.738205,0.95,1.165
AME,AMETEK INC,Industrials,0.07424489049035762,1.60642843731717,29.380646,0.69,1.109
KR,KROGER CO,Consumer Defensive,0.07367330787805632,-0.9589872198071602,17.03807,2.07,0.566
XYZ,BLOCK INC,Technology,0.0734129534944426,0.4553421395777686,16.027779,,2.715
PAYX,PAYCHEX INC,Technology,0.07288426451622325,1.4894425103411564,28.569506,3.44,0.913
GRMN,GARMIN LTD,Technology,0.0725870016567716,1.3566929442911162,30.998152,1.45,0.988
EBAY,EBAY INC,Consumer Cyclical,0.07235657306437787,0.9147346478580055,19.857779,1.31,1.305
PEG,PUBLIC SERVICE ENTERPRISE GP,Utilities,0.07207327557416221,1.3639162471288078,20.64394,3.12,0.538
NDAQ,NASDAQ INC,Financial Services,0.07206729041591822,0.5511786899428706,34.38077,1.21,0.989
FICO,FAIR ISAAC CORP,Technology,0.07169321802566866,-0.9986731567141203,64.70094,,1.352
WDC,WESTERN DIGITAL CORP,Technology,0.07156353959704881,2.9804215005886308,26.650225,0.35,1.834
RMD,RESMED INC,Healthcare,0.07131715058267112,0.35293803495519305,28.672266,0.88,0.833
VMC,VULCAN MATERIALS CO,Basic Materials,0.07127226189584115,0.46114012613622124,42.058334,0.65,0.923
KMB,KIMBERLY CLARK CORP,Consumer Defensive,0.07087325134624164,-0.2509016078644338,16.316006,4.22,0.306
YUM,YUM  BRANDS INC,Consumer Cyclical,0.07055803301205801,-0.8543930919337225,27.69428,2.01,0.721
CPRT,COPART INC,Industrials,0.06996250976678073,0.4329959482317427,27.71698,,1.034
TGT,TARGET CORP,Consumer Defensive,0.06975203170186697,2.0928340244062134,10.177156,5.33,1.177
A,AGILENT TECHNOLOGIES INC,Healthcare,0.06948469463363528,1.1455149299806735,32.286213,0.73,1.262
MLM,MARTIN MARIETTA MATERIALS,Basic Materials,0.06826172729911276,0.9614499261358602,35.293533,0.53,1.012
ROK,ROCKWELL AUTOMATION INC,Industrials,0.06716544581408805,1.6149856624531838,39.85194,1.57,1.404
CAH,CARDINAL HEALTH INC,Healthcare,0.06707068080855817,-1.6190772984863373,23.928682,1.3,0.718
SYY,SYSCO CORP,Consumer Defensive,0.06694499248543431,-0.24856558624581065,20.979893,2.75,0.836
DAL,DELTA AIR LINES INC,Industrials,0.06669261831281262,2.0789834800644567,8.275741,1.3,1.503
WEC,WEC ENERGY GROUP INC,Utilities,0.06631954344893706,-0.13028220278179672,22.026821,3.1,0.454
ED,CONSOLIDATED EDISON INC,Utilities,0.06630557807970107,-1.5235839123869208,18.332727,3.32,0.309
HIG,HARTFORD INSURANCE GROUP INC,Financial Services,0.06490604857698073,-0.22477796877873515,11.692098,1.61,0.68
XYL,XYLEM INC,Industrials,0.06299079793890301,1.1502136357234962,38.015625,1.11,1.128
KDP,KEURIG DR PEPPER INC,Consumer Defensive,0.06278730255860726,2.323781520377014,23.380531,3.56,0.437
OTIS,OTIS WORLDWIDE CORP,Industrials,0.06275438418826529,-0.33534029223498024,23.587303,1.88,0.99
FIS,FIDELITY NATIONAL INFO SERV,Technology,0.06248505206728562,0.6280815787266887,269.16,2.39,1.06
PRU,PRUDENTIAL FINANCIAL INC,Financial Services,0.06242520048484569,2.118436559770224,22.297358,5.45,1.021
PCG,P G + E CORP,Utilities,0.06240924006286171,0.7250991631898542,14.791666,0.63,0.58
ACGL,ARCH CAPITAL GROUP LTD,Financial Services,0.061510468799888786,-0.23791631642573063,9.539814,,0.451
VRSK,VERISK ANALYTICS INC,Industrials,0.060759331440267676,-0.40319087360429096,37.59006,0.74,0.856
IQV,IQVIA HOLDINGS INC,Healthcare,0.06030745199284621,2.823334143614027,29.531158,,1.325
HUM,HUMANA INC,Healthcare,0.060286503938992236,-3.313109892794238,20.745481,1.26,0.425
EQT,EQT CORP,Energy,0.05927999982762744,1.0165680090087754,28.242105,1.19,0.499
VICI,VICI PROPERTIES INC,Real Estate,0.05909146734294166,-0.09689528483196973,11.850575,5.81,0.74
WTW,WILLIS TOWERS WATSON PLC,Financial Services,0.05884009069669396,-0.10979409712738651,227.44594,1.09,0.736
TRGP,TARGA RESOURCES CORP,Energy,0.05865854089662618,-0.47241073643653775,21.763271,2.62,1.129
WAB,WABTEC CORP,Industrials,0.05847898614930639,1.3086949777392454,28.842026,0.52,1.097
MCHP,MICROCHIP TECHNOLOGY INC,Technology,0.05842412219873646,6.58831245205975,,3.01,1.535
GEHC,GE HEALTHCARE TECHNOLOGY,Healthcare,0.05802012401726694,1.168841257134225,14.721311,0.2,1.276
CTSH,COGNIZANT TECH SOLUTIONS A,Technology,0.05755527672698349,0.8206584515019819,13.456389,1.88,0.945
HPE,HEWLETT PACKARD ENTERPRISE,Technology,0.05750639793465755,1.4959007246908707,29.135292,2.13,1.458
KVUE,KENVUE INC,Consumer Defensive,0.057335820924703754,-2.762757327397832,21.586668,4.98,0.673
CSGP,COSTAR GROUP INC,Real Estate,0.05731786544997177,-0.5292425458959854,289.15387,,0.874
STT,STATE STREET CORP,Financial Services,0.05638916839577888,2.88288013355152,12.831461,3.03,1.48
UAL,UNITED AIRLINES HOLDINGS INC,Industrials,0.05596023205495939,2.6688754318022716,9.9548645,,1.457
NRG,NRG ENERGY INC,Utilities,0.055489399606431955,5.179837434872179,72.42061,1.1,1.143
DD,DUPONT DE NEMOURS INC,Basic Materials,0.05532381022834815,3.025784870112917,446.64706,2.23,1.07
VTR,VENTAS INC,Real Estate,0.05515622579751635,-0.42817200820004986,156.83722,2.83,0.909
IBKR,INTERACTIVE BROKERS GRO CL A,Financial Services,0.054975673523822564,2.1880806551130156,37.115788,0.46,1.217
NUE,NUCOR CORP,Basic Materials,0.054839012410584725,2.4841058554706614,24.502684,1.65,1.762
OXY,OCCIDENTAL PETROLEUM CORP,Energy,0.054205583163095476,0.6405614075734635,24.95294,2.28,0.951
EXR,EXTRA SPACE STORAGE INC,Real Estate,0.054018048204783696,2.1481920999707573,31.528261,4.56,1.113
IRM,IRON MOUNTAIN INC,Real Estate,0.05398812241356374,0.3240395158300952,729.7857,3.08,1.076
CCL,CARNIVAL CORP,Consumer Cyclical,0.05377066166403199,1.4265025019743365,14.476803,,2.686
EME,EMCOR GROUP INC,Industrials,0.05321902957921065,2.044476379888909,28.115816,0.15,1.243
DTE,DTE ENERGY COMPANY,Utilities,0.05235217916020569,-0.27767846074938524,20.152517,3.1,0.422
ADM,ARCHER DANIELS MIDLAND CO,Consumer Defensive,0.05230928552612373,1.298489338504284,26.795652,3.35,0.685
TSCO,TRACTOR SUPPLY COMPANY,Consumer Cyclical,0.05135864289170286,1.2352473233998826,27.049261,1.7,0.724
HSY,HERSHEY CO/THE,Consumer Defensive,0.05108332561247919,-1.54062699143354,25.122177,2.85,0.249
EFX,EQUIFAX INC,Industrials,0.051053399821259234,-2.095959959029854,44.123875,0.87,1.675
RJF,RAYMOND JAMES FINANCIAL INC,Financial Services,0.05085788465195546,-0.29323759937776733,15.683023,1.25,1.049
ATO,ATMOS ENERGY CORP,Utilities,0.05077209738379156,-0.5553013096464722,24.240332,1.97,0.729
MTB,M + T BANK CORP,Financial Services,0.05059952532108977,0.9898300050710752,11.836034,3.32,0.612
BRO,BROWN + BROWN INC,Financial Services,0.05027732430228816,-1.5217834556178236,27.227667,0.63,0.793
AEE,AMEREN CORPORATION,Utilities,0.050225452930840214,-0.11574719717072873,22.758242,2.74,0.494
AWK,AMERICAN WATER WORKS CO INC,Utilities,0.049897266753794606,-2.3429786996988478,25.158558,2.32,0.697
PPL,PPL CORP,Utilities,0.049258849874435365,0.550636136382755,28.146616,2.93,0.665
IR,INGERSOLL RAND INC,Industrials,0.049251867189817375,0.0,58.99225,0.11,1.431
KEYS,KEYSIGHT TECHNOLOGIES IN,Technology,0.04909725060184756,2.4327478151536828,51.699364,,1.184
FITB,FIFTH THIRD BANCORP,Financial Services,0.04907730007436758,1.760307501201349,13.146418,3.86,0.966
BR,BROADRIDGE FINANCIAL SOLUTIO,Technology,0.04881694569075389,-0.047240973789221506,32.78028,1.67,0.952
LEN,LENNAR CORP A,Consumer Cyclical,0.04839499203455239,-0.6441015502824777,11.672107,1.68,1.391
ES,EVERSOURCE ENERGY,Utilities,0.04804885038277481,-1.9212155065153553,30.9869,4.16,0.678
TDY,TELEDYNE TECHNOLOGIES INC,Technology,0.04773363204859118,0.08811504262102669,31.27423,,1.117
SMCI,SUPER MICRO COMPUTER INC,Technology,0.047335619025365656,3.575481210415119,32.589287,,1.548
AVB,AVALONBAY COMMUNITIES INC,Real Estate,0.047153071698923875,0.09483718252614369,22.69103,3.79,0.865
GIS,GENERAL MILLS INC,Consumer Defensive,0.047148084067053876,-2.4523694380434486,9.098299,4.95,-0.025
FANG,DIAMONDBACK ENERGY INC,Energy,0.047112173117589924,1.6378151667684502,10.297826,2.79,1.015
MTD,METTLER TOLEDO INTERNATIONAL,Healthcare,0.0467939622042843,0.8942672949389514,32.54965,,1.375
CBOE,CBOE GLOBAL MARKETS INC,Financial Services,0.04600491884245124,-0.6252355833878677,28.542252,1.18,0.439
DXCM,DEXCOM INC,Healthcare,0.04590416867867736,0.12284121358449254,45.915493,,1.476
CNP,CENTERPOINT ENERGY INC,Utilities,0.0458662626764654,-0.10193912797229697,27.412588,2.24,0.556
VLTO,VERALTO CORP,Industrials,0.04540241291255596,-0.41229585453597717,28.337988,0.43,1.142
SYF,SYNCHRONY FINANCIAL,Financial Services,0.0452827097476761,3.1314392648233413,8.523694,1.76,1.5
CINF,CINCINNATI FINANCIAL CORP,Financial Services,0.04454853033641297,-0.6856616528406189,13.692976,2.19,0.73
EXPE,EXPEDIA GROUP INC,Consumer Cyclical,0.04444578511989109,2.5246030106817323,26.55665,0.76,1.563
ODFL,OLD DOMINION FREIGHT LINE,Industrials,0.044383938484703164,1.3922977821302547,26.597656,0.83,1.194
ULTA,ULTA BEAUTY INC,Consumer Cyclical,0.04415450741868344,-1.1560654461117648,20.849846,,1.074
FE,FIRSTENERGY CORP,Utilities,0.04387520003396378,0.1065854556026079,20.687225,3.79,0.498
FSLR,FIRST SOLAR INC,Technology,0.04344526616677029,0.10623267251765894,19.32906,,1.379
LYV,LIVE NATION ENTERTAINMENT IN,Communication Services,0.04339239726894835,0.5883851052438418,65.194916,,1.403
EXE,EXPAND ENERGY CORP,Energy,0.043302619895288455,0.9090492621744349,,3.14,0.458
LDOS,LEIDOS HOLDINGS INC,Technology,0.043238778207352536,-1.0796143128627138,17.547169,0.85,0.72
IP,INTERNATIONAL PAPER CO,Consumer Cyclical,0.04321982520624655,-0.06565721207822192,,4.05,1.057
CHTR,CHARTER COMMUNICATIONS INC A,Communication Services,0.043055233354536745,-0.29287420580672535,7.080734,,1.051
HPQ,HP INC,Technology,0.043000369403966815,7.005874633964483,9.941818,4.53,1.3
NTRS,NORTHERN TRUST CORP,Financial Services,0.04263926485657924,1.8521468377040855,14.909623,2.57,1.317
PHM,PULTEGROUP INC,Consumer Cyclical,0.042415818948803516,0.349881844170317,9.016467,0.73,1.298
PTC,PTC INC,Technology,0.04241482142242951,2.833926868473264,47.642353,,1.145
TTD,TRADE DESK INC/THE  CLASS A,Communication Services,0.04179036991230626,-2.0721907406894724,61.77711,,1.383
WRB,WR BERKLEY CORP,Financial Services,0.04169161480128037,-0.2768885551322243,17.598864,0.46,0.417
STE,STERIS PLC,Healthcare,0.041616800323230466,-0.19505860590067328,36.044407,1.07,1.01
LH,LABCORP HOLDINGS INC,Healthcare,0.0413295127275188,-0.4606300405949237,30.5298,1.04,0.871
HBAN,HUNTINGTON BANCSHARES INC,Financial Services,0.04094646259990326,1.923071985414163,11.865671,3.97,0.979
NTAP,NETAPP INC,Technology,0.040858680278991366,4.318060438409614,21.037169,1.83,1.448
TPR,TAPESTRY INC,Consumer Cyclical,0.040321013563406005,5.405653675969424,139.10976,1.48,1.585
CMS,CMS ENERGY CORP,Utilities,0.03997387438525442,-0.7288342729430702,21.696165,2.93,0.399
K,KELLANOVA,Consumer Defensive,0.03995691643689644,-0.07240834920565352,21.675394,2.8,0.247
WSM,WILLIAMS SONOMA INC,Consumer Cyclical,0.03988609206434252,4.7120436459399135,21.15813,1.45,1.548
PODD,INSULET CORP,Healthcare,0.0398222503764066,0.012720509449126258,96.19572,,1.399
TROW,T ROWE PRICE GROUP INC,Financial Services,0.039769381478584664,3.87459360480278,11.798432,5.01,1.514
PPG,PPG INDUSTRIES INC,Basic Materials,0.03971850763351072,0.37570583324056117,17.875225,2.88,1.149
DOV,DOVER CORP,Industrials,0.03964668573458281,-0.17342755316783146,20.79613,1.29,1.259
VRSN,VERISIGN INC,Technology,0.03929256387181323,1.242232245759985,31.548388,1.18,0.789
DG,DOLLAR GENERAL CORP,Consumer Defensive,0.039229719710251305,2.711149373423871,18.872223,2.38,0.308
TYL,TYLER TECHNOLOGIES INC,Technology,0.038903528585953695,0.5097097177313118,72.29386,,0.891
HUBB,HUBBELL INC,Industrials,0.03890253105957969,2.4567898624198574,27.175001,1.29,0.959
BIIB,BIOGEN INC,Healthcare,0.038610255831998036,-1.2826668410091935,13.845934,,0.125
RF,REGIONS FINANCIAL CORP,Financial Services,0.038567362197916094,1.6349356798774244,11.4742985,4.39,1.029
EQR,EQUITY RESIDENTIAL,Real Estate,0.038558384460550106,0.5513218139823165,23.312029,4.49,0.911
KHC,KRAFT HEINZ CO/THE,Consumer Defensive,0.038296035024188414,-0.15904178443501868,,6.36,0.127
NVR,NVR INC,Consumer Cyclical,0.038209250229650514,1.7985781001311776,16.031345,,0.945
CHD,CHURCH + DWIGHT CO INC,Consumer Defensive,0.03820326507140653,-1.366018344997231,40.802834,1.35,0.425
CFG,CITIZENS FINANCIAL GROUP,Financial Services,0.0379668513207688,2.050758013265387,15.323171,3.41,1.143
DRI,DARDEN RESTAURANTS INC,Consumer Cyclical,0.03793991810867084,2.125079285989396,19.830654,3.31,0.764
SW,SMURFIT WESTROCK PLC,Consumer Cyclical,0.03776934109871704,2.657603813754129,159.71155,4.26,1.045
TER,TERADYNE INC,Technology,0.037542902611819313,5.33767637342674,48.30903,0.36,1.82
JBL,JABIL INC,Technology,0.03733541712602756,3.0413906538562796,33.7652,0.16,1.264
DGX,QUEST DIAGNOSTICS INC,Healthcare,0.03697730515776198,-0.6736597184895698,21.869617,1.74,0.563
EL,ESTEE LAUDER COMPANIES CL A,Consumer Defensive,0.036909473364330064,5.818594849214355,,1.6,1.157
DVN,DEVON ENERGY CORP,Energy,0.036885532731354094,2.1538485013521633,7.4774776,2.95,1.08
SBAC,SBA COMMUNICATIONS CORP,Real Estate,0.03643465081030663,-0.5182501082478311,23.082209,2.35,0.812
STZ,CONSTELLATION BRANDS INC A,Consumer Defensive,0.03610047947501703,0.04245210345746039,20.580786,2.89,0.66
NI,NISOURCE INC,Utilities,0.03604960562994309,-0.3033156002425172,22.728724,2.61,0.601
GPN,GLOBAL PAYMENTS INC,Industrials,0.03603264768158511,1.6656667570652477,14.349235,1.21,0.982
EIX,EDISON INTERNATIONAL,Utilities,0.035899976673843266,2.945126398444845,7.8788543,6.35,0.805
CPAY,CORPAY INC,Technology,0.035551839969317676,0.8746607886742311,19.208702,,0.971
WAT,WATERS CORP,Healthcare,0.03538325801211188,1.6193309219222054,30.330025,,1.044
STLD,STEEL DYNAMICS INC,Basic Materials,0.035172779947198134,3.051757904821153,21.123367,1.42,1.411
FFIV,F5 INC,Technology,0.03434084295128312,2.6797331268839484,30.012335,,1.063
CDW,CDW CORP/DE,Technology,0.03390791650496764,1.702979409155337,18.347013,1.72,1.003
WST,WEST PHARMACEUTICAL SERVICES,Healthcare,0.03373733949501384,0.28078691217053003,39.297157,0.34,1.068
ZBH,ZIMMER BIOMET HOLDINGS INC,Healthcare,0.03364656459497995,0.41178269815058677,23.195122,1.01,0.667
HAL,HALLIBURTON CO,Energy,0.03347898016414815,2.4123837196633238,10.563379,3.1,1.022
ON,ON SEMICONDUCTOR,Technology,0.0334360865300662,9.553998188727762,47.723812,,1.489
PKG,PACKAGING CORP OF AMERICA,Consumer Cyclical,0.033179722251948505,0.4207957035973398,20.6999,2.42,0.921
AMCR,AMCOR PLC,Consumer Cyclical,0.03274879085838102,0.6935725897399434,24.953127,6.43,0.719
LULU,LULULEMON ATHLETICA INC,Consumer Cyclical,0.032665996169339115,1.3969384952634536,11.585949,,1.072
GPC,GENUINE PARTS CO,Consumer Cyclical,0.032522352371483286,1.0530133475189891,22.669964,3.16,0.772
IT,GARTNER INC,Technology,0.03244155273518939,2.4389210324997235,15.132018,,1.2
GDDY,GODADDY INC   CLASS A,Technology,0.03241561704946541,1.2825300166599642,23.59287,,0.978
TRMB,TRIMBLE INC,Technology,0.03221611177466565,1.8907845525687295,65.86325,,1.657
J,JACOBS SOLUTIONS INC,Industrials,0.032210126616421655,1.8130021477201779,39.453842,0.85,0.8
EVRG,EVERGY INC,Utilities,0.0320874308724198,0.025812111464201624,21.28846,3.45,0.551
PNR,PENTAIR PLC,Industrials,0.03161360584477037,1.5241140747136985,29.738798,0.93,1.104
APTV,APTIV PLC,Consumer Cyclical,0.03148292988977652,1.1957918262426601,18.476244,,1.549
CTRA,COTERRA ENERGY INC,Energy,0.03123454582265082,1.8241798484718408,11.083733,3.87,0.27
LNT,ALLIANT ENERGY CORP,Utilities,0.031171701661088895,-0.13283592308579337,20.882717,3.0,0.54
WY,WEYERHAEUSER CO,Real Estate,0.031163721450096906,0.06268027353594854,63.013157,3.51,1.063
L,LOEWS CORP,Financial Services,0.03070485931805745,0.45607682102814223,16.082539,0.25,0.725
SNA,SNAP ON INC,Industrials,0.030601116575161572,1.4755803892037898,17.705757,2.62,0.774
TPL,TEXAS PACIFIC LAND CORP,Energy,0.03058814873229959,0.3531081977438853,44.39751,0.72,1.132
DLTR,DOLLAR TREE INC,Consumer Defensive,0.030379665720133838,5.684277699857305,17.943798,,0.858
MKC,MCCORMICK + CO NON VTG SHRS,Consumer Defensive,0.030286895767351947,-1.950199490458107,22.694445,2.7,0.628
LII,LENNOX INTERNATIONAL INC,Industrials,0.029888882744126422,-0.005725318755958055,22.422829,0.99,1.105
CNC,CENTENE CORP,Healthcare,0.029838008899052484,1.7058183416754948,8.82767,,0.476
ESS,ESSEX PROPERTY TRUST INC,Real Estate,0.029534760881356842,0.6800615528075103,20.724054,4.02,0.823
LUV,SOUTHWEST AIRLINES CO,Industrials,0.029385131925257022,1.901563745430349,49.820312,2.3,1.2
FTV,FORTIVE CORP,Technology,0.0289861213756575,1.621342130227542,21.88063,0.5,1.128
PFG,PRINCIPAL FINANCIAL GROUP,Financial Services,0.02880856168108571,0.3147821779952579,16.0625,3.93,1.029
ROL,ROLLINS INC,Consumer Cyclical,0.028776640837117746,-1.6052647640830593,55.5297,1.16,0.69
KEY,KEYCORP,Financial Services,0.028665915409603875,2.1802324614310837,,4.77,1.131
INVH,INVITATION HOMES INC,Real Estate,0.028241966700654382,1.1274109545023634,31.74719,4.15,0.812
MAA,MID AMERICA APARTMENT COMM,Real Estate,0.02813523137863651,-0.014867537723683578,27.681068,4.5,0.777
EXPD,EXPEDITORS INTL WASH INC,Industrials,0.02745392086519532,0.7425121432677994,18.592169,1.36,1.076
LVS,LAS VEGAS SANDS CORP,Consumer Cyclical,0.02739706186187739,-6.359602379522158,23.462122,2.02,0.999
IFF,INTL FLAVORS + FRAGRANCES,Basic Materials,0.027348183069551446,0.9068025565838762,,2.69,1.087
HOLX,HOLOGIC INC,Healthcare,0.027221497220053598,-3.320542988585521,27.182573,,0.627
TSN,TYSON FOODS INC CL A,Consumer Defensive,0.026855405040796036,0.0,23.681816,3.84,0.56
OMC,OMNICOM GROUP,Communication Services,0.026572107550580367,0.045756421058006536,10.949214,3.66,0.97
ALLE,ALLEGION PLC,Industrials,0.026572107550580367,0.23659973339163648,24.158552,1.18,1.078
GEN,GEN DIGITAL INC,Technology,0.02657111002420637,0.6787341706967677,27.812502,1.89,0.934
CHRW,C.H. ROBINSON WORLDWIDE INC,Industrials,0.026558142181344384,-0.7341777885799816,28.270454,1.98,0.905
CLX,CLOROX COMPANY,Consumer Defensive,0.026241926320786764,0.17896118559800953,18.459356,4.13,0.515
DOW,DOW INC,Basic Materials,0.026088307259190945,3.656179574152313,,6.78,0.857
EG,EVEREST GROUP LTD,Financial Services,0.026025463097629018,1.260490664978454,18.341694,2.31,0.472
TXT,TEXTRON INC,Industrials,0.026014490307515035,0.23304604961492753,18.405405,0.1,1.131
CF,CF INDUSTRIES HOLDINGS INC,Basic Materials,0.02539602395563577,0.9732151810806382,11.558323,2.29,0.918
KIM,KIMCO REALTY CORP,Real Estate,0.025249387578657946,1.2512041399927762,25.658539,4.81,1.318
DECK,DECKERS OUTDOOR CORP,Consumer Cyclical,0.025199511259958004,3.3975001233848126,15.099846,,1.054
ZBRA,ZEBRA TECHNOLOGIES CORP CL A,Technology,0.025142652256640075,2.200143711027565,26.625116,,1.752
BBY,BEST BUY CO INC,Consumer Cyclical,0.024857359713676412,9.9744448323716,21.337465,5.4,1.243
COO,COOPER COS INC/THE,Healthcare,0.02458004738170474,1.3602461135227526,33.97059,,1.023
INCY,INCYTE CORP,Healthcare,0.024550121590484777,1.1097855266203038,20.030733,,0.737
BLDR,BUILDERS FIRSTSOURCE INC,Industrials,0.02451520816739482,-1.5428566446109693,18.219034,,1.625
MAS,MASCO CORP,Industrials,0.02434463115744102,1.3980699236568208,17.506632,1.91,1.177
TKO,TKO GROUP HOLDINGS INC,Communication Services,0.02337204294279218,0.8393435123309041,77.62139,1.63,0.266
BALL,BALL CORP,Consumer Cyclical,0.022896222862394747,-0.10617803546088776,23.287128,1.7,1.089
DPZ,DOMINO S PIZZA INC,Consumer Cyclical,0.022657814059009032,0.46509699809221017,23.69472,1.71,1.121
DOC,HEALTHPEAK PROPERTIES INC,Real Estate,0.022519157893023195,-0.4709090751546115,74.85417,6.76,1.066
AVY,AVERY DENNISON CORP,Consumer Cyclical,0.022141095397277644,-0.7556596336986614,17.653698,2.37,0.953
NDSN,NORDSON CORP,Industrials,0.02194258764885188,1.034362102240573,29.032745,1.44,0.967
IEX,IDEX CORP,Industrials,0.021694203581726176,-0.19235390391507798,26.069693,1.76,1.036
FOXA,FOX CORP   CLASS A,Communication Services,0.021455794778340462,1.4492718870668442,11.8329935,0.98,0.543
RL,RALPH LAUREN CORP,Consumer Cyclical,0.021417888776128505,2.5079112246432738,25.313646,1.18,1.626
LYB,LYONDELLBASELL INDU CL A,Basic Materials,0.020830345741843205,2.994881374466603,98.414894,12.2,0.89
ARE,ALEXANDRIA REAL ESTATE EQUIT,Real Estate,0.02055004083074954,-0.040582765205583904,,7.14,1.319
REG,REGENCY CENTERS CORP,Real Estate,0.02046525108895964,1.577377528815681,33.40187,4.01,1.101
VTRS,VIATRIS INC,Healthcare,0.020274723551525865,1.232031708203068,,4.93,0.889
BG,BUNGE GLOBAL SA,Consumer Defensive,0.020232827443817915,0.24762236715270172,8.162298,3.47,0.646
BAX,BAXTER INTERNATIONAL INC,Healthcare,0.020110131699816063,0.6150265004142291,,3.1,0.577
SJM,JM SMUCKER CO/THE,Consumer Defensive,0.019999406272302196,-3.1312637511187353,,4.2,0.241
HII,HUNTINGTON INGALLS INDUSTRIE,Industrials,0.019862745159064357,1.7456456453865712,21.551647,1.91,0.371
UHS,UNIVERSAL HEALTH SERVICES B,Healthcare,0.01979491336563244,0.8158717549007899,10.427744,0.41,1.305
PNW,PINNACLE WEST CAPITAL,Utilities,0.019758004889794484,-0.28027559277445757,18.961111,3.87,0.46
JKHY,JACK HENRY + ASSOCIATES INC,Technology,0.019738054362314503,0.4289357160298349,24.389425,1.53,0.779
GL,GLOBE LIFE INC,Financial Services,0.019705135991972544,0.2727957332835478,10.90968,0.79,0.552
DAY,DAYFORCE INC,Technology,0.0195754575633527,0.3670532928493386,227.86665,,1.175
AIZ,ASSURANT INC,Financial Services,0.019554509509498722,0.03220652610357192,15.779391,1.47,0.549
CPT,CAMDEN PROPERTY TRUST,Real Estate,0.01954952187762873,0.11803162067793328,71.18182,4.13,0.808
UDR,UDR INC,Real Estate,0.019322085864357,1.2573545890990885,92.715385,4.82,0.855
FDS,FACTSET RESEARCH SYSTEMS INC,Financial Services,0.01931410565336501,1.0030714826802265,18.402187,1.55,0.786
MOH,MOLINA HEALTHCARE INC,Healthcare,0.019090659745589274,0.09275582218529603,9.577415,,0.553
ALB,ALBEMARLE CORP,Basic Materials,0.01885923362682155,7.195632923053149,,1.8,1.657
AKAM,AKAMAI TECHNOLOGIES INC,Technology,0.01881135236086961,0.7646166088507022,26.07774,,0.756
JBHT,HUNT (JB) TRANSPRT SVCS INC,Industrials,0.018799382044381623,0.7513303718808192,25.112726,1.28,1.243
SOLV,SOLVENTUM CORP,Healthcare,0.018652745667403797,0.4537715684302736,32.49541,,
SWKS,SKYWORKS SOLUTIONS INC,Technology,0.01844127007611605,6.087332072799158,29.231077,4.11,1.195
BXP,BXP INC,Real Estate,0.01834750259696016,0.8922186870655904,3505.5,4.03,1.235
RVTY,REVVITY INC,Healthcare,0.018335532280472175,3.0467803981335853,39.556522,0.32,0.985
WYNN,WYNN RESORTS LTD,Consumer Cyclical,0.01810310863533045,-6.147304015432645,33.28994,0.83,1.305
HST,HOST HOTELS + RESORTS INC,Real Estate,0.01809413089796446,2.7812929364440557,17.297873,5.06,1.379
NCLH,NORWEGIAN CRUISE LINE HOLDIN,Consumer Cyclical,0.018060215001248502,2.5835185033201458,15.7739725,,2.222
PAYC,PAYCOM SOFTWARE INC,Technology,0.018060215001248502,0.7781966864099802,27.176113,0.75,0.827
AES,AES CORP,Utilities,0.017990388155068586,2.594177204756795,11.103847,5.0,0.924
IVZ,INVESCO LTD,Financial Services,0.017955474731978626,3.560307827573981,25.021505,3.74,1.629
GNRC,GENERAC HOLDINGS INC,Industrials,0.017896620675912696,2.3577107617973683,29.015,,1.644
SWK,STANLEY BLACK + DECKER INC,Industrials,0.0178946256231647,0.046560265644551214,20.398733,5.15,1.188
NWSA,NEWS CORP   CLASS A,Communication Services,0.01745970412410122,1.202480440983727,31.059525,0.78,1.181
MOS,MOSAIC CO/THE,Basic Materials,0.01734698364383935,2.125207412377756,10.50678,2.9,1.01
IPG,INTERPUBLIC GROUP OF COS INC,Communication Services,0.01702977025690773,-0.07657142848797424,22.118645,5.05,1.079
POOL,POOL CORP,Industrials,0.016989869201947776,0.6277835539404055,26.912363,1.72,1.104
HAS,HASBRO INC,Consumer Cyclical,0.016929020093133847,2.0577967253927554,,3.95,0.597
MRNA,MODERNA INC,Healthcare,0.016866175931571924,-0.3354459666187685,,,2.007
TECH,BIO TECHNE CORP,Healthcare,0.016655697866658173,1.6876946488953537,129.67392,0.55,1.479
LW,LAMB WESTON HOLDINGS INC,Consumer Defensive,0.015975384879590986,0.054901721430759796,30.665867,2.32,0.506
CAG,CONAGRA BRANDS INC,Consumer Defensive,0.015967404668598993,-2.1797668907886867,10.268361,7.53,0.037
ALGN,ALIGN TECHNOLOGY INC,Healthcare,0.01523123020458787,2.9811529877670706,21.881756,,1.704
ERIE,ERIE INDEMNITY COMPANY CL A,Financial Services,0.015022747192422118,-1.4923981296679494,26.756283,1.68,0.297
CRL,CHARLES RIVER LABORATORIES,Healthcare,0.014574857850496652,2.167272432283699,,,1.503
EPAM,EPAM SYSTEMS INC,Technology,0.01425664693719103,2.999008896780372,20.920113,,1.655
TAP,MOLSON COORS BEVERAGE CO   B,Consumer Defensive,0.014206770618491089,0.1631432374389665,9.081853,4.09,0.632
APA,APA CORP,Energy,0.014031205976667299,4.010935001576562,7.8961935,4.56,1.165
AOS,SMITH (A.O.) CORP,Industrials,0.01383768586011153,-0.11365827159248154,18.850418,2.01,1.303
FOX,FOX CORP   CLASS B,Communication Services,0.013640175638059764,1.070037394422319,10.580448,1.09,0.543
MTCH,MATCH GROUP INC,Communication Services,0.013529450210545895,2.1303597859839654,15.90099,2.42,1.382
LKQ,LKQ CORP,Consumer Cyclical,0.0133578756742181,1.6387702522781111,10.638686,4.18,0.837
FRT,FEDERAL REALTY INVS TRUST,Real Estate,0.013310991934640155,1.4438137967994857,24.546835,4.73,1.163
BEN,FRANKLIN RESOURCES INC,Financial Services,0.012499005466205122,0.7719419341491042,44.794117,5.65,1.526
HRL,HORMEL FOODS CORP,Consumer Defensive,0.012335411140869317,-0.8975952295867475,17.165693,4.89,0.296
EMN,EASTMAN CHEMICAL CO,Basic Materials,0.012009220016571705,3.2302423427327165,8.45007,5.7,1.298
HSIC,HENRY SCHEIN INC,Healthcare,0.011646120416436137,-0.2691121954613012,20.257235,,0.812
MGM,MGM RESORTS INTERNATIONAL,Consumer Cyclical,0.011638140205444148,0.991046864250013,17.262295,,1.672
KMX,CARMAX INC,Consumer Cyclical,0.011572303464760226,1.1813809540472553,12.809384,,1.266
MHK,MOHAWK INDUSTRIES INC,Consumer Cyclical,0.01104760459203685,1.4548230995008957,15.836653,,1.291
CPB,THE CAMPBELL S COMPANY,Consumer Defensive,0.010869047371091062,-1.9414286424397194,14.8258705,5.13,0.023
PSKY,PARAMOUNT SKYDANCE CL B,Communication Services,0.009461537657378737,0.588237538057215,570.0,1.18,1.273
BF.B,BROWN FORMAN CORP CLASS B,Consumer Defensive,0.008439073124029955,,,,
DVA,DAVITA INC,Healthcare,0.007906394040314589,-0.0725835466095466,12.206897,,1.124
NWS,NEWS CORP   CLASS B,Communication Services,0.0065457680661802084,0.9221261751478863,35.17857,0.68,1.181
-,CONTRA WALGREENS BOOTS,-,0.0001,,,,
ESZ5,S+P500 EMINI FUT  DEC25,-,0.0001,,,,
-,US DOLLAR,-,0.0001,,,,
